{
  "project_info": {
    "project_number": "436592243364",
    "firebase_url": "https://chatapp2-9de4f.firebaseio.com",
    "project_id": "chatapp2-9de4f",
    "storage_bucket": "chatapp2-9de4f.appspot.com"
  },
  "client": [
    {
      "client_info": {
        "mobilesdk_app_id": "1:436592243364:android:bff0870427f38ac759ec31",
        "android_client_info": {
          "package_name": "com.example.chatapp2"
        }
      },
      "oauth_client": [
        {
          "client_id": "436592243364-78jhrd4p3c9oefdnaqlq50ssnb09b12l.apps.googleusercontent.com",
          "client_type": 1,
          "android_info": {
            "package_name": "com.example.chatapp2",
            "certificate_hash": "0c31f890cc39f89c46e526749b57de058bb7dab4"
          }
        },
        {
          "client_id": "436592243364-jor82meak0v2ee3km2r2lo2jtrohiu2k.apps.googleusercontent.com",
          "client_type": 3
        }
      ],
      "api_key": [
        {
          "current_key": "AIzaSyCYt7viFU-mzmAJvekPMt8QaNdYN5QcHno"
        }
      ],
      "services": {
        "appinvite_service": {
          "other_platform_oauth_client": [
            {
              "client_id": "436592243364-jor82meak0v2ee3km2r2lo2jtrohiu2k.apps.googleusercontent.com",
              "client_type": 3
            }
          ]
        }
      }
    }
  ],
  "configuration_version": "1"
}